BRN3C2AF4AEB56C_0000000013.tif,w1_F_4_form1.tif,,,,
BRN3C2AF4AEB56C_0000000014.tif,w1_F_4_form2.tif,,,,
BRN3C2AF4AEB56C_0000000015.tif,w1_F_4_form3.tif,,,,
BRN3C2AF4AEB56C_0000000016.tif,w2_M_3_form1.tif,,,,
BRN3C2AF4AEB56C_0000000017.tif,w2_M_3_form2.tif,,,,
BRN3C2AF4AEB56C_0000000018.tif,w2_M_3_form31.tif,,,,
BRN3C2AF4AEB56C_0000000019.tif,w2_M_3_form32.tif,,,,
BRN3C2AF4AEB56C_0000000020.tif,w2_M_3_form33.tif,,,,
BRN3C2AF4AEB56C_0000000021.tif,w2_M_3_form34.tif,,,,
BRN3C2AF4AEB56C_0000000022.tif,w2_M_3_form35.tif,,,,
BRN3C2AF4AEB56C_0000000023.tif,w2_M_3_form36.tif,,,,
BRN3C2AF4AEB56C_0000000024.tif,w2_M_3_form37.tif,,,,
BRN3C2AF4AEB56C_0000000025.tif,w2_M_3_form38.tif,,,,
BRN3C2AF4AEB56C_0000000026.tif,w2_M_3_form39.tif,,,,
BRN3C2AF4AEB56C_0000000027.tif,w2_M_3_form40.tif,,,,
BRN3C2AF4AEB56C_0000000028.tif,w3_F_1_form13.tif,,,,
BRN3C2AF4AEB56C_0000000029.tif,w3_F_1_form12.tif,,,,
BRN3C2AF4AEB56C_0000000030.tif,w3_F_1_form11.tif,,,,
BRN3C2AF4AEB56C_0000000031.tif,w3_F_1_form10.tif,,,,
BRN3C2AF4AEB56C_0000000032.tif,w3_F_1_form9.tif,,,,
BRN3C2AF4AEB56C_0000000033.tif,w3_F_1_form8.tif,,,,
BRN3C2AF4AEB56C_0000000034.tif,w3_F_1_form7.tif,,,,
BRN3C2AF4AEB56C_0000000035.tif,w3_F_1_form6.tif,,,,
BRN3C2AF4AEB56C_0000000036.tif,w3_F_1_form5.tif,,,,
BRN3C2AF4AEB56C_0000000037.tif,w3_F_1_form4.tif,,,,
BRN3C2AF4AEB56C_0000000038.tif,w3_F_1_form3.tif,,,,
BRN3C2AF4AEB56C_0000000039.tif,w3_F_1_form2.tif,,,,
BRN3C2AF4AEB56C_0000000040.tif,w3_F_1_form1.tif,,,,
BRN3C2AF4AEB56C_0000000041.tif,w3_F_1_form14.tif,,,,
BRN3C2AF4AEB56C_0000000042.tif,w3_F_1_form15.tif,,,,
BRN3C2AF4AEB56C_0000000043.tif,w3_F_1_form16.tif,,,,
BRN3C2AF4AEB56C_0000000044.tif,w3_F_1_form17.tif,,,,
BRN3C2AF4AEB56C_0000000045.tif,w3_F_1_form18.tif,,,,
BRN3C2AF4AEB56C_0000000046.tif,w3_F_1_form19.tif,,,,
BRN3C2AF4AEB56C_0000000047.tif,w3_F_1_form20.tif,,,,
BRN3C2AF4AEB56C_0000000048.tif,w3_F_1_form21.tif,,,,
BRN3C2AF4AEB56C_0000000049.tif,w3_F_1_form22.tif,,,,
BRN3C2AF4AEB56C_0000000050.tif,w3_F_1_form23.tif,,,,
BRN3C2AF4AEB56C_0000000051.tif,w3_F_1_form24.tif,,,,
BRN3C2AF4AEB56C_0000000052.tif,w3_F_1_form25.tif,,,,
BRN3C2AF4AEB56C_0000000053.tif,w3_F_1_form26.tif,,,,
BRN3C2AF4AEB56C_0000000054.tif,w3_F_1_form27.tif,,,,
BRN3C2AF4AEB56C_0000000055.tif,w3_F_1_form28.tif,,,,
BRN3C2AF4AEB56C_0000000056.tif,w3_F_1_form29.tif,,,,
BRN3C2AF4AEB56C_0000000057.tif,w3_F_1_form30.tif,,,,
BRN3C2AF4AEB56C_0000000058.tif,w3_F_1_form31.tif,,,,
BRN3C2AF4AEB56C_0000000059.tif,w3_F_1_form32.tif,,,,
BRN3C2AF4AEB56C_0000000060.tif,w3_F_1_form33.tif,,,,
BRN3C2AF4AEB56C_0000000061.tif,w3_F_1_form34.tif,,,,
BRN3C2AF4AEB56C_0000000062.tif,w3_F_1_form35.tif,,,,
BRN3C2AF4AEB56C_0000000063.tif,w3_F_1_form36.tif,,,,
BRN3C2AF4AEB56C_0000000064.tif,w3_F_1_form37.tif,,,,
BRN3C2AF4AEB56C_0000000065.tif,w3_F_1_form38.tif,,,,
BRN3C2AF4AEB56C_0000000066.tif,w3_F_1_form39.tif,,,,
BRN3C2AF4AEB56C_0000000067.tif,w3_F_1_form40.tif,,,,
BRN3C2AF4AEB56C_0000000068.tif,w4_F_3_form41.tif,,,,
BRN3C2AF4AEB56C_0000000069.tif,w4_F_3_form42.tif,,,,
BRN3C2AF4AEB56C_0000000070.tif,w4_F_3_form43.tif,,,,
BRN3C2AF4AEB56C_0000000071.tif,w4_F_3_form44.tif,,,,
BRN3C2AF4AEB56C_0000000072.tif,w4_F_3_form45.tif,,,,
BRN3C2AF4AEB56C_0000000073.tif,w4_F_3_form46.tif,,,,
BRN3C2AF4AEB56C_0000000074.tif,w4_F_3_form47.tif,,,,
BRN3C2AF4AEB56C_0000000075.tif,w4_F_3_form48.tif,,,,
BRN3C2AF4AEB56C_0000000076.tif,w4_F_3_form49.tif,,,,
BRN3C2AF4AEB56C_0000000077.tif,w4_F_3_form50.tif,,,,
BRN3C2AF4AEB56C_0000000078.tif,w4_F_3_form23.tif,,,,
BRN3C2AF4AEB56C_0000000079.tif,w4_F_3_form24.tif,,,,
BRN3C2AF4AEB56C_0000000080.tif,w4_F_3_form16.tif,,,,
BRN3C2AF4AEB56C_0000000081.tif,w4_F_3_form15.tif,,,,
BRN3C2AF4AEB56C_0000000082.tif,w4_F_3_form17.tif,,,,
BRN3C2AF4AEB56C_0000000083.tif,w4_F_3_form26.tif,,,,
BRN3C2AF4AEB56C_0000000084.tif,w4_F_3_form19.tif,,,,
BRN3C2AF4AEB56C_0000000085.tif,w4_F_3_form25.tif,,,,
BRN3C2AF4AEB56C_0000000388.tif,w5_M_2_form26.tif,,,,
BRN3C2AF4AEB56C_0000000389.tif,w5_M_2_form19.tif,,,,
BRN3C2AF4AEB56C_0000000390.tif,w6_M_2_form23.tif,,,,
BRN3C2AF4AEB56C_0000000391.tif,w6_M_2_form24.tif,,,,
BRN3C2AF4AEB56C_0000000392.tif,w6_M_2_form25.tif,,,,
BRN3C2AF4AEB56C_0000000393.tif,w7_NA_2_form18.tif,,,,
BRN3C2AF4AEB56C_0000000401.tif,w8_F_3_form15.tif,,,,
BRN3C2AF4AEB56C_0000000402.tif,w8_F_3_form14.tif,,,,
BRN3C2AF4AEB56C_0000000403.tif,w9_F_3_form17.tif,,,,
BRN3C2AF4AEB56C_0000000404.tif,w9_F_3_form16.tif,,,,
BRN3C2AF4AEB56C_0000000405.tif,w10_F_3_form20.tif,,,,
BRN3C2AF4AEB56C_0000000406.tif,w11_F_2_form19.tif,,,,
BRN3C2AF4AEB56C_0000000407.tif,w11_F_2_form12.tif,,,,
BRN3C2AF4AEB56C_0000000408.tif,w12_F_2_form4.tif,,,,
BRN3C2AF4AEB56C_0000000409.tif,w12_F_2_form5.tif,,,,
BRN3C2AF4AEB56C_0000000410.tif,w12_F_2_form6.tif,,,,
BRN3C2AF4AEB56C_0000000411.tif,w12_F_2_form7.tif,,,,
BRN3C2AF4AEB56C_0000000412.tif,w12_F_2_form8.tif,,,,
BRN3C2AF4AEB56C_0000000413.tif,w12_F_2_form9.tif,,,,
BRN3C2AF4AEB56C_0000000414.tif,w12_F_2_form10.tif,,,,
BRN3C2AF4AEB56C_0000000415.tif,w12_F_2_form11.tif,,,,
BRN3C2AF4AEB56C_0000000416.tif,w13_F_1_form7.tif,,,,
BRN3C2AF4AEB56C_0000000418.tif,w14_F_2_form19.tif,,,,
BRN3C2AF4AEB56C_0000000419.tif,w15_M_2_form20.tif,,,,
BRN3C2AF4AEB56C_0000000420.tif,w16_M_3_form21.tif,,,,
BRN3C2AF4AEB56C_0000000421.tif,w17_F_2_form22.tif,,,,
BRN3C2AF4AEB56C_0000000422.tif,w18_F_2_form23.tif,,,,
BRN3C2AF4AEB56C_0000000424.tif,w19_M_2_form25.tif,,,,
BRN3C2AF4AEB56C_0000000425.tif,w20_F_2_form44.tif,,,,
BRN3C2AF4AEB56C_0000000426.tif,w21_F_2_form33.tif,,w21_F_2_form32.tif,,DELETED
BRN3C2AF4AEB56C_0000000427.tif,w21_F_2_form31.tif,,,,
BRN3C2AF4AEB56C_0000000428.tif,w21_F_2_form29.tif,,,,
BRN3C2AF4AEB56C_0000000429.tif,w21_F_2_form30.tif,,,,
BRN3C2AF4AEB56C_0000000430.tif,w21_F_2_form33.tif,,,,
BRN3C2AF4AEB56C_0000000431.tif,w22_M_2_form28.tif,,,,
BRN3C2AF4AEB56C_0000000432.tif,w22_M_2_form26.tif,,,,
BRN3C2AF4AEB56C_0000000433.tif,w22_M_2_form27.tif,,,,
BRN3C2AF4AEB56C_0000000436.tif,w23_F_2_form2.tif,,,,
BRN3C2AF4AEB56C_0000000437.tif,w23_F_2_form3.tif,,,,
BRN3C2AF4AEB56C_0000000438.tif,w23_F_2_form33.tif,,,,
BRN3C2AF4AEB56C_0000000439.tif,w23_F_2_form34.tif,,,,
BRN3C2AF4AEB56C_0000000440.tif,w23_F_2_form37.tif,,,,
BRN3C2AF4AEB56C_0000000441.tif,w24_M_2_form35.tif,,,,
BRN3C2AF4AEB56C_0000000442.tif,w25_M_2_form36.tif,,,,
BRN3C2AF4AEB56C_0000000443.tif,w26_M_2_form38.tif,,,,
BRN3C2AF4AEB56C_0000000444.tif,w24_M_2_form39.tif,,,,
BRN3C2AF4AEB56C_0000000445.tif,w25_M_1_form1.tif,,,,
BRN3C2AF4AEB56C_0000000446.tif,w23_F_2_form40.tif,,,,
BRN3C2AF4AEB56C_0000000449.tif,w23_F_2_form26.tif,,,,
BRN3C2AF4AEB56C_0000000450.tif,w23_F_2_form25.tif,,,,
BRN3C2AF4AEB56C_0000000451.tif,w23_F_2_form24.tif,,,,
BRN3C2AF4AEB56C_0000000452.tif,w27_NA_NA_form31.tif,,,,
BRN3C2AF4AEB56C_0000000453.tif,w23_F_2_form30.tif,,,,
BRN3C2AF4AEB56C_0000000456.tif,w28_F_2_form21.tif,,,,
BRN3C2AF4AEB56C_0000000457.tif,w28_F_2_form20.tif,,,,
BRN3C2AF4AEB56C_0000000458.tif,w28_F_2_form41.tif,,,,
BRN3C2AF4AEB56C_0000000459.tif,w8_F_3_form32.tif,,,,
BRN3C2AF4AEB56C_0000000460.tif,w11_F_2_form1.tif,,,,
BRN3C2AF4AEB56C_0000000461.tif,w11_F_2_form29.tif,,identical,DELETED,
BRN3C2AF4AEB56C_0000000462.tif,w29_F_3_form14.tif,,,,
BRN3C2AF4AEB56C_0000000463.tif,w29_F_3_form13.tif,,,,
BRN3C2AF4AEB56C_0000000464.tif,w29_F_3_form12.tif,,,,
BRN3C2AF4AEB56C_0000000465.tif,w29_F_3_form11.tif,,,,
BRN3C2AF4AEB56C_0000000466.tif,w30_M_3_form17.tif,,,,
BRN3C2AF4AEB56C_0000000467.tif,w30_M_3_form16.tif,,,,
BRN3C2AF4AEB56C_0000000468.tif,w30_M_3_form19.tif,,,,
BRN3C2AF4AEB56C_0000000469.tif,w30_M_3_form22.tif,,,,
BRN3C2AF4AEB56C_0000000470.tif,w31_M_2_form42.tif,,,,
BRN3C2AF4AEB56C_0000000471.tif,w31_M_2_form5.tif,,,,
BRN3C2AF4AEB56C_0000000472.tif,w31_M_2_form1.tif,,,,
BRN3C2AF4AEB56C_0000000473.tif,w31_M_2_form27.tif,,,,
BRN3C2AF4AEB56C_0000000474.tif,w32_F_4_form23.tif,,,,
BRN3C2AF4AEB56C_0000000475.tif,w32_F_4_form50.tif,,,,
BRN3C2AF4AEB56C_0000000476.tif,w32_F_4_form31.tif,,,,
BRN3C2AF4AEB56C_0000000477.tif,w32_F_4_form39.tif,,,,
BRN3C2AF4AEB56C_0000000478.tif,w33_F_2_form35.tif,,,,
BRN3C2AF4AEB56C_0000000479.tif,w33_F_2_form20.tif,,,,
BRN3C2AF4AEB56C_0000000480.tif,w33_F_2_form29.tif,,,,
BRN3C2AF4AEB56C_0000000481.tif,w33_F_2_form9.tif,,,,
BRN3C2AF4AEB56C_0000000482.tif,w34_F_1_form46.tif,,,,
BRN3C2AF4AEB56C_0000000483.tif,w34_F_1_form47.tif,,,,
BRN3C2AF4AEB56C_0000000484.tif,w34_F_1_form48.tif,,,,
BRN3C2AF4AEB56C_0000000485.tif,w34_F_1_form49.tif,,,,
BRN3C2AF4AEB56C_0000000486.tif,w35_F_3_form1.tif,,,,
BRN3C2AF4AEB56C_0000000487.tif,w35_F_3_form2.tif,,identical forms. One can be deleted,,
BRN3C2AF4AEB56C_0000000488.tif,w35_F_3_form3.tif,,,,
BRN3C2AF4AEB56C_0000000489.tif,w35_F_3_form2.tif,,,,
BRN3C2AF4AEB56C_0000000490.tif,w36_M_3_form38.tif,,,,
BRN3C2AF4AEB56C_0000000491.tif,w36_M_3_form37.tif,,,,
BRN3C2AF4AEB56C_0000000492.tif,w36_M_3_form36.tif,,,,
BRN3C2AF4AEB56C_0000000493.tif,w36_M_3_form33.tif,,,,
BRN3C2AF4AEB56C_0000000494.tif,w37_M_3_form40.tif,,,,
BRN3C2AF4AEB56C_0000000495.tif,w37_M_3_form43.tif,,,,
BRN3C2AF4AEB56C_0000000496.tif,w37_M_3_form44.tif,,,,
BRN3C2AF4AEB56C_0000000497.tif,w37_M_3_form45.tif,,,,
BRN3C2AF4AEB56C_0000000498.tif,w38_F_2_form28.tif,,,,
BRN3C2AF4AEB56C_0000000499.tif,w38_F_2_form24.tif,,,,
BRN3C2AF4AEB56C_0000000500.tif,w38_F_2_form25.tif,,,,
BRN3C2AF4AEB56C_0000000501.tif,w38_F_2_form26.tif,,,,
BRN3C2AF4AEB56C_0000000502.tif,w39_F_2_form16.tif,,,,
BRN3C2AF4AEB56C_0000000503.tif,w39_F_2_form15.tif,,,,
BRN3C2AF4AEB56C_0000000504.tif,w39_F_2_form18.tif,,,,
BRN3C2AF4AEB56C_0000000505.tif,w39_F_2_form17.tif,,,,
BRN3C2AF4AEB56C_0000000506.tif,w40_F_2_form22.tif,,,,
BRN3C2AF4AEB56C_0000000507.tif,w40_F_2_form34.tif,,,,
BRN3C2AF4AEB56C_0000000508.tif,w40_F_2_form41.tif,,,,
BRN3C2AF4AEB56C_0000000509.tif,w40_F_2_form21.tif,,,,
BRN3C2AF4AEB56C_0000000510.tif,w41_F_2_form8.tif,,,,
BRN3C2AF4AEB56C_0000000511.tif,w41_F_2_form32.tif,,,,
BRN3C2AF4AEB56C_0000000512.tif,w41_F_2_form30.tif,,,,
BRN3C2AF4AEB56C_0000000513.tif,w41_F_2_form19.tif,,,,
BRN3C2AF4AEB56C_0000000514.tif,w42_F_1_form42.tif,,,,
BRN3C2AF4AEB56C_0000000515.tif,w42_F_1_form43.tif,,,,
BRN3C2AF4AEB56C_0000000516.tif,w43_F_1_form4.tif,,,,
BRN3C2AF4AEB56C_0000000517.tif,w44_M_1_form6.tif,,,,
BRN3C2AF4AEB56C_0000000518.tif,w45_F_1_form44.tif,,,,
BRN3C2AF4AEB56C_0000000519.tif,w46_F_3_form10.tif,,,,
BRN3C2AF4AEB56C_0000000520.tif,w46_F_3_form11.tif,,,,
BRN3C2AF4AEB56C_0000000521.tif,w47_M_1_form7.tif,,,,
BRN3C2AF4AEB56C_0000000527.tif,w48_F_2_form46.tif,,,,
BRN3C2AF4AEB56C_0000000528.tif,w49_F_2_form49.tif,,,,
BRN3C2AF4AEB56C_0000000529.tif,w50_F_2_form47.tif,,,,
BRN3C2AF4AEB56C_0000000530.tif,w49_F_2_form1.tif,,,,
BRN3C2AF4AEB56C_0000000531.tif,w51_F_2_form2.tif,,,,
BRN3C2AF4AEB56C_0000000532.tif,w49_F_2_form50.tif,,,,
BRN3C2AF4AEB56C_0000000533.tif,w49_F_2_form3.tif,,,,
BRN3C2AF4AEB56C_0000000534.tif,w49_F_2_form48.tif,,,,
BRN3C2AF4AEB56C_0000000535.tif,w53_F_2_form4.tif,,,,
BRN3C2AF4AEB56C_0000000536.tif,w49_F_2_form5.tif,,,,
BRN3C2AF4AEB56C_0000000537.tif,w54_F_2_form6.tif,,,,
BRN3C2AF4AEB56C_0000000538.tif,w55_F_2_form7.tif,,,,
BRN3C2AF4AEB56C_0000000539.tif,w49_F_2_form9.tif,,,,
BRN3C2AF4AEB56C_0000000540.tif,w56_F_2_form8.tif,,,,
BRN3C2AF4AEB56C_0000000541.tif,w57_M_2_form16.tif,,,,
BRN3C2AF4AEB56C_0000000542.tif,w58_F_1_form17.tif,,,,
BRN3C2AF4AEB56C_0000000543.tif,w58_F_1_form16.tif,,,,
BRN3C2AF4AEB56C_0000000544.tif,w58_F_1_form15.tif,,,,
BRN3C2AF4AEB56C_0000000545.tif,w58_F_1_form14.tif,,,,
BRN3C2AF4AEB56C_0000000546.tif,w59_F_2_form9.tif,,,,
BRN3C2AF4AEB56C_0000000547.tif,w59_F_2_form8.tif,,,,
BRN3C2AF4AEB56C_0000000548.tif,w59_F_2_form7.tif,,,,
BRN3C2AF4AEB56C_0000000549.tif,w59_F_2_form6.tif,,,,
BRN3C2AF4AEB56C_0000000550.tif,w60_F_3_form13.tif,,,,
BRN3C2AF4AEB56C_0000000551.tif,w60_F_3_form12.tif,,,,
BRN3C2AF4AEB56C_0000000552.tif,w60_F_3_form11.tif,,,,
BRN3C2AF4AEB56C_0000000553.tif,w61_F_3_form1.tif,,,,
BRN3C2AF4AEB56C_0000000554.tif,w62_M_2_form24.tif,,,,
BRN3C2AF4AEB56C_0000000555.tif,w24_M_2_form13.tif,,,,
BRN3C2AF4AEB56C_0000000556.tif,w24_M_2_form12.tif,,,,
BRN3C2AF4AEB56C_0000000557.tif,w24_M_2_form11.tif,,,,
BRN3C2AF4AEB56C_0000000558.tif,w24_M_2_form10.tif,,,,
BRN3C2AF4AEB56C_0000000559.tif,w11_F_2_form31.tif,,,,
BRN3C2AF4AEB56C_0000000560.tif,w11_F_2_form30.tif,,,,
BRN3C2AF4AEB56C_0000000561.tif,w11_F_2_form29.tif,,,,
BRN3C2AF4AEB56C_0000000562.tif,w11_F_2_form28.tif,,,,
BRN3C2AF4AEB56C_0000000563.tif,w64_M_2_form26.tif,,,,
BRN3C2AF4AEB56C_0000000564.tif,w64_M_2_form25.tif,,,,
BRN3C2AF4AEB56C_0000000565.tif,w64_M_2_form27.tif,,,,
BRN3C2AF4AEB56C_0000000566.tif,w57_M_2_form14.tif,,,,
BRN3C2AF4AEB56C_0000000567.tif,w57_M_2_form15.tif,,,,
BRN3C2AF4AEB56C_0000000568.tif,w57_M_2_form17.tif,,,,
BRN3C2AF4AEB56C_0000000569.tif,w57_M_2_form18.tif,,,,
BRN3C2AF4AEB56C_0000000570.tif,w65_M_2_form32.tif,,,,
BRN3C2AF4AEB56C_0000000571.tif,w65_M_2_form33.tif,,,,
BRN3C2AF4AEB56C_0000000572.tif,w65_M_2_form34.tif,,,,
BRN3C2AF4AEB56C_0000000573.tif,w66_F_3_form38.tif,,,,
BRN3C2AF4AEB56C_0000000574.tif,w66_F_3_form39.tif,,,,
BRN3C2AF4AEB56C_0000000575.tif,w66_F_3_form40.tif,,,,
BRN3C2AF4AEB56C_0000000576.tif,w66_F_3_form41.tif,,,,
BRN3C2AF4AEB56C_0000000577.tif,w26_M_2_form19.tif,,,,
BRN3C2AF4AEB56C_0000000578.tif,w26_M_2_form20.tif,,,,
BRN3C2AF4AEB56C_0000000579.tif,w26_M_2_form21.tif,,,,
BRN3C2AF4AEB56C_0000000580.tif,w26_M_2_form22.tif,,,,
BRN3C2AF4AEB56C_0000000581.tif,w26_M_2_form23.tif,,,,
BRN3C2AF4AEB56C_0000000582.tif,w6_M_2_form35.tif,,,,
BRN3C2AF4AEB56C_0000000583.tif,w6_M_2_form36.tif,,,,
BRN3C2AF4AEB56C_0000000584.tif,w6_M_2_form37.tif,,,,
BRN3C2AF4AEB56C_0000000614.tif,w63_F_3_form35.tif,,,,
BRN3C2AF4AEB56C_0000000615.tif,w63_F_3_form29.tif,,,,
BRN3C2AF4AEB56C_0000000616.tif,w63_F_3_form31.tif,,,,
BRN3C2AF4AEB56C_0000000617.tif,w67_F_3_form32.tif,,,,
BRN3C2AF4AEB56C_0000000618.tif,w67_F_3_form28.tif,,,,
BRN3C2AF4AEB56C_0000000619.tif,w67_F_3_form33.tif,,,,
BRN3C2AF4AEB56C_0000000620.tif,w68_M_3_form30.tif,,,,
BRN3C2AF4AEB56C_0000000621.tif,w68_M_3_form25.tif,,,,
BRN3C2AF4AEB56C_0000000622.tif,w68_M_3_form34.tif,,,,
BRN3C2AF4AEB56C_0000000623.tif,w1_F_4_form27.tif,,,,
BRN3C2AF4AEB56C_0000000624.tif,w1_F_4_form26.tif,,,,
BRN3C2AF4AEB56C_0000000625.tif,w1_F_4_form24.tif,,,,
BRN3C2AF4AEB56C_0000000626.tif,w69_F_3_form23.tif,,,,
BRN3C2AF4AEB56C_0000000627.tif,w70_M_3_form22.tif,,,,
BRN3C2AF4AEB56C_0000000628.tif,w71_F_1_form20.tif,,,,
BRN3C2AF4AEB56C_0000000629.tif,w72_M_4_form21.tif,,,,
BRN3C2AF4AEB56C_0000000630.tif,w73_F_3_form19.tif,,,,
BRN3C2AF4AEB56C_0000000638.tif,w74_M_1_form11.tif,,,,
BRN3C2AF4AEB56C_0000000639.tif,w75_F_1_form12.tif,,,,
BRN3C2AF4AEB56C_0000000640.tif,w76_F_1_form13.tif,,,,
BRN3C2AF4AEB56C_0000000641.tif,w77_F_1_form14.tif,,,,
BRN3C2AF4AEB56C_0000000642.tif,w78_F_1_form15.tif,,,,
BRN3C2AF4AEB56C_0000000643.tif,w79_M_1_form16.tif,,,,
BRN3C2AF4AEB56C_0000000644.tif,w80_M_1_form17.tif,,,,
BRN3C2AF4AEB56C_0000000645.tif,w81_M_1_form18.tif,,,,
BRN3C2AF4AEB56C_0000000646.tif,w82_M_1_form19.tif,,,,
BRN3C2AF4AEB56C_0000000647.tif,w83_M_1_form20.tif,,,,
BRN3C2AF4AEB56C_0000000648.tif,w84_M_1_form21.tif,,,,
BRN3C2AF4AEB56C_0000000649.tif,w85_M_1_form22.tif,,,,
BRN3C2AF4AEB56C_0000000650.tif,w86_M_1_form23.tif,,,,
BRN3C2AF4AEB56C_0000000651.tif,w87_M_1_form24.tif,,,,
BRN3C2AF4AEB56C_0000000652.tif,w88_M_1_form25.tif,,,,
BRN3C2AF4AEB56C_0000000653.tif,w89_M_1_form26.tif,,,,
BRN3C2AF4AEB56C_0000000654.tif,w90_M_1_form27.tif,,,,
BRN3C2AF4AEB56C_0000000655.tif,w91_M_1_form28.tif,,,,
BRN3C2AF4AEB56C_0000000656.tif,w92_M_1_form29.tif,,,,
BRN3C2AF4AEB56C_0000000657.tif,w93_M_1_form30.tif,,,,
BRN3C2AF4AEB56C_0000000658.tif,w94_M_1_form31.tif,,,,
BRN3C2AF4AEB56C_0000000659.tif,w95_M_1_form32.tif,,,,
BRN3C2AF4AEB56C_0000000660.tif,w96_M_1_form33.tif,,,,
BRN3C2AF4AEB56C_0000000661.tif,w97_M_1_form34.tif,,,,
BRN3C2AF4AEB56C_0000000662.tif,w98_M_1_form35.tif,,,,
BRN3C2AF4AEB56C_0000000663.tif,w99_M_1_form36.tif,,,,
BRN3C2AF4AEB56C_0000000664.tif,w100_F_1_form37.tif,,,,
BRN3C2AF4AEB56C_0000000666.tif,w101_M_1_form39.tif,,,,
BRN3C2AF4AEB56C_0000000667.tif,w102_M_1_form40.tif,,,,
BRN3C2AF4AEB56C_0000000668.tif,w103_M_1_form41.tif,,,,
BRN3C2AF4AEB56C_0000000669.tif,w104_M_1_form42.tif,,,,
BRN3C2AF4AEB56C_0000000670.tif,w105_M_1_form43.tif,,,,
BRN3C2AF4AEB56C_0000000671.tif,w106_F_1_form44.tif,,,,
BRN3C2AF4AEB56C_0000000672.tif,w107_M_1_form45.tif,,,,
BRN3C2AF4AEB56C_0000000673.tif,w108_NA_NA_form35.tif,,,,
BRN3C2AF4AEB56C_0000000674.tif,w109_F_1_form1.tif,,,,
BRN3C2AF4AEB56C_0000000675.tif,w110_F_1_form2.tif,,,,
BRN3C2AF4AEB56C_0000000676.tif,w111_F_1_form3.tif,,,,
BRN3C2AF4AEB56C_0000000677.tif,w112_F_1_form4.tif,,,,
BRN3C2AF4AEB56C_0000000678.tif,w113_M_1_form5.tif,,,,
BRN3C2AF4AEB56C_0000000679.tif,w114_M_1_form6.tif,,,,
BRN3C2AF4AEB56C_0000000680.tif,w115_M_1_form7.tif,,,,
BRN3C2AF4AEB56C_0000000681.tif,w116_M_1_form8.tif,,,,
BRN3C2AF4AEB56C_0000000682.tif,w117_M_1_form9.tif,,,,
BRN3C2AF4AEB56C_0000000683.tif,w118_M_1_form10.tif,,,,
BRN3C2AF4AEB56C_0000000684.tif,w119_M_1_form46.tif,,,,
BRN3C2AF4AEB56C_0000000686.tif,w120_F_1_form48.tif,,,,
BRN3C2AF4AEB56C_0000000688.tif,w121_M_1_form50.tif,,,,
BRN3C2AF4AEB56C_0000000689.tif,w122_M_1_form1.tif,,,,
BRN3C2AF4AEB56C_0000000690.tif,w123_F_1_form29.tif,,,,
BRN3C2AF4AEB56C_0000000691.tif,w124_F_1_form30.tif,,,,
BRN3C2AF4AEB56C_0000000692.tif,w125_M_1_form21.tif,,,,
BRN3C2AF4AEB56C_0000000693.tif,w126_M_1_form22.tif,,,,
BRN3C2AF4AEB56C_0000000694.tif,w127_M_1_form35.tif,,,,
BRN3C2AF4AEB56C_0000000695.tif,w128_M_1_form1.tif,,,,
BRN3C2AF4AEB56C_0000000696.tif,w129_M_1_form2.tif,,,,
BRN3C2AF4AEB56C_0000000697.tif,w130_M_1_form3.tif,,,,
BRN3C2AF4AEB56C_0000000698.tif,w131_M_1_form4.tif,,,,
BRN3C2AF4AEB56C_0000000699.tif,w132_M_1_form9.tif,,,,
BRN3C2AF4AEB56C_0000000700.tif,w133_M_1_form10.tif,,,,
BRN3C2AF4AEB56C_0000000701.tif,w134_M_1_form50.tif,,,,
BRN3C2AF4AEB56C_0000000702.tif,w135_M_1_form49.tif,,,,
BRN3C2AF4AEB56C_0000000703.tif,w136_M_1_form37.tif,,,,
BRN3C2AF4AEB56C_0000000704.tif,w137_M_1_form38.tif,,,,
BRN3C2AF4AEB56C_0000000705.tif,w138_F_1_form26.tif,,,,
BRN3C2AF4AEB56C_0000000706.tif,w139_F_1_form25.tif,,,,
BRN3C2AF4AEB56C_0000000707.tif,w140_F_1_form43.tif,,,,
BRN3C2AF4AEB56C_0000000708.tif,w141_F_1_form44.tif,,,,
BRN3C2AF4AEB56C_0000000709.tif,w142_M_1_form47.tif,,,,
BRN3C2AF4AEB56C_0000000710.tif,w143_M_1_form48.tif,,,,
BRN3C2AF4AEB56C_0000000711.tif,w144_F_1_form29.tif,,,,
BRN3C2AF4AEB56C_0000000712.tif,w145_F_1_form30.tif,,,,
BRN3C2AF4AEB56C_0000000713.tif,w146_F_1_form46.tif,,,,
BRN3C2AF4AEB56C_0000000714.tif,w147_NA_1_form45.tif,,,,
BRN3C2AF4AEB56C_0000000715.tif,w148_F_1_form35.tif,,,,
BRN3C2AF4AEB56C_0000000716.tif,w149_F_1_form36.tif,,,,
BRN3C2AF4AEB56C_0000000717.tif,w150_F_1_form33.tif,,,,
BRN3C2AF4AEB56C_0000000718.tif,w151_F_1_form34.tif,,,,
BRN3C2AF4AEB56C_0000000719.tif,w152_NA_NA_form40.tif,,,,
BRN3C2AF4AEB56C_0000000720.tif,w153_M_1_form39.tif,,,,
BRN3C2AF4AEB56C_0000000721.tif,w154_NA_NA_form38.tif,,,,
BRN3C2AF4AEB56C_0000000722.tif,w155_M_1_form37.tif,,,,
BRN3C2AF4AEB56C_0000000723.tif,w156_M_1_form3.tif,,,,
BRN3C2AF4AEB56C_0000000724.tif,w157_M_1_form4.tif,,,,
BRN3C2AF4AEB56C_0000000725.tif,w158_M_1_form15.tif,,,,
BRN3C2AF4AEB56C_0000000726.tif,w159_M_1_form6.tif,,,,
BRN3C2AF4AEB56C_0000000727.tif,w160_NA_1_form25.tif,,,,
BRN3C2AF4AEB56C_0000000728.tif,w161_NA_1_form26.tif,,,,
BRN3C2AF4AEB56C_0000000729.tif,w162_F_1_form19.tif,,,,
BRN3C2AF4AEB56C_0000000730.tif,w163_F_1_form20.tif,,,,
BRN3C2AF4AEB56C_0000000731.tif,w164_M_1_form42.tif,,,,
BRN3C2AF4AEB56C_0000000732.tif,w165_M_1_form41.tif,,,,
BRN3C2AF4AEB56C_0000000733.tif,w166_F_1_form47.tif,,,,
BRN3C2AF4AEB56C_0000000734.tif,w167_F_1_form48.tif,,,,
BRN3C2AF4AEB56C_0000000735.tif,w168_NA_NA_form36.tif,,,,
BRN3C2AF4AEB56C_0000000736.tif,w169_M_1_form2.tif,,,,
BRN3C2AF4AEB56C_0000000737.tif,w170_M_1_form3.tif,,,,
BRN3C2AF4AEB56C_0000000738.tif,w171_NA_NA_form4.tif,,,,
BRN3C2AF4AEB56C_0000000739.tif,w172_M_1_form5.tif,,,,
BRN3C2AF4AEB56C_0000000740.tif,w173_M_1_form6.tif,,,,
BRN3C2AF4AEB56C_0000000741.tif,w174_M_1_form7.tif,,,,
BRN3C2AF4AEB56C_0000000742.tif,w175_M_1_form8.tif,,,,
BRN3C2AF4AEB56C_0000000743.tif,w176_M_1_form9.tif,,,,
BRN3C2AF4AEB56C_0000000744.tif,w177_M_1_form10.tif,,,,
BRN3C2AF4AEB56C_0000000745.tif,w178_M_1_form11.tif,,,,
BRN3C2AF4AEB56C_0000000746.tif,w179_M_1_form12.tif,,,,
BRN3C2AF4AEB56C_0000000747.tif,w180_M_1_form13.tif,,,,
BRN3C2AF4AEB56C_0000000748.tif,w181_M_1_form14.tif,,,,
BRN3C2AF4AEB56C_0000000749.tif,w182_M_1_form15.tif,,,,
BRN3C2AF4AEB56C_0000000750.tif,w183_M_1_form16.tif,,,,
BRN3C2AF4AEB56C_0000000751.tif,w184_M_1_form17.tif,,,,
BRN3C2AF4AEB56C_0000000752.tif,w185_F_1_form18.tif,,,,
BRN3C2AF4AEB56C_0000000753.tif,w186_F_1_form19.tif,,,,
BRN3C2AF4AEB56C_0000000754.tif,w187_M_1_form20.tif,,,,
BRN3C2AF4AEB56C_0000000755.tif,w188_F_1_form21.tif,,,,
BRN3C2AF4AEB56C_0000000756.tif,w189_F_1_form22.tif,,,,
BRN3C2AF4AEB56C_0000000757.tif,w190_F_1_form23.tif,,,,
BRN3C2AF4AEB56C_0000000758.tif,w191_F_1_form24.tif,,,,
BRN3C2AF4AEB56C_0000000759.tif,w192_M_1_form25.tif,,,,
BRN3C2AF4AEB56C_0000000760.tif,w193_M_1_form26.tif,,,,
BRN3C2AF4AEB56C_0000000761.tif,w194_F_1_form27.tif,,,,
BRN3C2AF4AEB56C_0000000762.tif,w195_F_1_form28.tif,,,,
BRN3C2AF4AEB56C_0000000763.tif,w196_M_1_form29.tif,,,,
BRN3C2AF4AEB56C_0000000764.tif,w197_M_1_form30.tif,,,,
BRN3C2AF4AEB56C_0000000765.tif,w198_M_1_form31.tif,,,,
BRN3C2AF4AEB56C_0000000766.tif,w199_M_1_form32.tif,,,,
BRN3C2AF4AEB56C_0000000768.tif,w200_F_1_form34.tif,,,,
BRN3C2AF4AEB56C_0000000769.tif,w201_F_1_form35.tif,,,,
BRN3C2AF4AEB56C_0000000770.tif,w202_F_1_form36.tif,,,,
BRN3C2AF4AEB56C_0000000771.tif,w203_F_1_form37.tif,,,,
BRN3C2AF4AEB56C_0000000772.tif,w204_M_1_form38.tif,,,,
BRN3C2AF4AEB56C_0000000773.tif,w205_M_1_form39.tif,,,,
BRN3C2AF4AEB56C_0000000774.tif,w206_M_1_form40.tif,,,,
BRN3C2AF4AEB56C_0000000775.tif,w207_M_1_form41.tif,,,,
BRN3C2AF4AEB56C_0000000776.tif,w208_M_1_form42.tif,,,,
BRN3C2AF4AEB56C_0000000777.tif,w209_M_1_form43.tif,,,,
BRN3C2AF4AEB56C_0000000778.tif,w210_M_1_form44.tif,,,,
BRN3C2AF4AEB56C_0000000779.tif,w211_M_1_form45.tif,,,,
BRN3C2AF4AEB56C_0000000780.tif,w212_M_1_form46.tif,,,,
BRN3C2AF4AEB56C_0000000781.tif,w213_F_1_form47.tif,,,,
BRN3C2AF4AEB56C_0000000782.tif,w214_F_1_form48.tif,,,,
BRN3C2AF4AEB56C_0000000783.tif,w215_F_1_form49.tif,,,,
BRN3C2AF4AEB56C_0000000784.tif,w216_F_1_form50.tif,,,,
BRN3C2AF4AEB56C_0000000788.tif,w217_M_1_form1.tif,,,,
BRN3C2AF4AEB56C_0000000789.tif,w218_M_1_form2.tif,,,,
BRN3C2AF4AEB56C_0000000790.tif,w219_NA_NA_form3.tif,,,,
BRN3C2AF4AEB56C_0000000791.tif,w220_M_1_form4.tif,,,,
BRN3C2AF4AEB56C_0000000792.tif,w221_M_1_form5.tif,,,,
BRN3C2AF4AEB56C_0000000794.tif,w222_F_1_form7.tif,,,,
BRN3C2AF4AEB56C_0000000795.tif,w223_F_1_form8.tif,,,,
BRN3C2AF4AEB56C_0000000797.tif,w224_M_1_form10.tif,,,,
BRN3C2AF4AEB56C_0000000798.tif,w225_M_1_form11.tif,,,,
BRN3C2AF4AEB56C_0000000799.tif,w226_M_1_form13.tif,,,,
BRN3C2AF4AEB56C_0000000800.tif,w227_M_1_form14.tif,,,,
BRN3C2AF4AEB56C_0000000801.tif,w228_F_1_form15.tif,,,,
BRN3C2AF4AEB56C_0000000802.tif,w229_NA_NA_form16.tif,,,,
BRN3C2AF4AEB56C_0000000803.tif,w230_M_1_form17.tif,,,,
BRN3C2AF4AEB56C_0000000804.tif,w231_F_1_form18.tif,,,,
BRN3C2AF4AEB56C_0000000805.tif,w232_M_1_form19.tif,,,,
BRN3C2AF4AEB56C_0000000806.tif,w233_M_1_form20.tif,,,,
BRN3C2AF4AEB56C_0000000807.tif,w234_M_1_form21.tif,,,,
BRN3C2AF4AEB56C_0000000808.tif,w235_M_1_form22.tif,,,,
BRN3C2AF4AEB56C_0000000809.tif,w236_M_1_form23.tif,,,,
BRN3C2AF4AEB56C_0000000810.tif,w237_F_1_form24.tif,,,,
BRN3C2AF4AEB56C_0000000811.tif,w238_M_1_form25.tif,,,,
BRN3C2AF4AEB56C_0000000812.tif,w239_F_1_form26.tif,,,,
BRN3C2AF4AEB56C_0000000813.tif,w240_F_1_form27.tif,,,,
BRN3C2AF4AEB56C_0000000814.tif,w241_M_1_form28.tif,,,,
BRN3C2AF4AEB56C_0000000815.tif,w242_M_NA_form29.tif,,,,
BRN3C2AF4AEB56C_0000000816.tif,w243_M_NA_form30.tif,,,,
BRN3C2AF4AEB56C_0000000817.tif,w244_M_1_form31.tif,,,,
BRN3C2AF4AEB56C_0000000818.tif,w245_M_1_form32.tif,,,,
BRN3C2AF4AEB56C_0000000819.tif,w246_M_1_form33.tif,,,,
BRN3C2AF4AEB56C_0000000820.tif,w247_M_1_form34.tif,,,,
BRN3C2AF4AEB56C_0000000821.tif,w248_M_1_form35.tif,,,,
BRN3C2AF4AEB56C_0000000822.tif,w249_F_1_form36.tif,,,,
BRN3C2AF4AEB56C_0000000823.tif,w250_F_1_form37.tif,,,,
BRN3C2AF4AEB56C_0000000824.tif,w251_F_1_form38.tif,,,,
BRN3C2AF4AEB56C_0000000825.tif,w252_F_1_form39.tif,,,,
BRN3C2AF4AEB56C_0000000826.tif,w253_M_1_form40.tif,,,,
BRN3C2AF4AEB56C_0000000827.tif,w254_F_1_form41.tif,,,,
BRN3C2AF4AEB56C_0000000828.tif,w255_F_1_form42.tif,,,,
BRN3C2AF4AEB56C_0000000829.tif,w256_F_1_form43.tif,,,,
BRN3C2AF4AEB56C_0000000830.tif,w257_F_1_form44.tif,,,,
BRN3C2AF4AEB56C_0000000831.tif,w258_F_1_form45.tif,,,,
BRN3C2AF4AEB56C_0000000832.tif,w259_M_1_form46.tif,,,,
BRN3C2AF4AEB56C_0000000833.tif,w260_F_1_form47.tif,,,,
BRN3C2AF4AEB56C_0000000834.tif,w261_F_1_form48.tif,,,,
BRN3C2AF4AEB56C_0000000835.tif,w262_M_1_form49.tif,,,,
BRN3C2AF4AEB56C_0000000851.tif,w263_F_1_form12.tif,,,,
BRN3C2AF4AEB56C_0000000852.tif,w264_M_1_form46.tif,,,,
BRN3C2AF4AEB56C_0000000854.tif,w265_M_1_form2.tif,,,,
BRN3C2AF4AEB56C_0000000843.tif,w266_F_3_form31.tif,,,,
BRN3C2AF4AEB56C_0000000844.tif,w266_F_3_form40.tif,,,,
BRN3C2AF4AEB56C_0000000845.tif,w266_F_3_form41.tif,,,,
BRN3C2AF4AEB56C_0000000846.tif,w266_F_3_form39.tif,,,,
BRN3C2AF4AEB56C_0000000847.tif,w266_F_3_form38.tif,,,,
BRN3C2AF4AEB56C_0000000848.tif,w266_F_3_form37.tif,,,,
BRN3C2AF4AEB56C_0000000849.tif,w266_F_3_form36.tif,,,,
BRN3C2AF4AEB56C_0000000850.tif,w266_F_3_form22.tif,,,,
BRN3C2AF4AEB56C_0000000855.tif,w266_F_3_form21.tif,,,,
BRN3C2AF4AEB56C_0000000856.tif,w267_F_1_form27.tif,,,,
BRN3C2AF4AEB56C_0000000857.tif,w268_M_1_form31.tif,,,,
BRN3C2AF4AEB56C_0000000860.tif,w269_M_1_form30.tif,,,,
BRN3C2AF4AEB56C_0000000861.tif,w270_M_1_form14.tif,,,,
BRN3C2AF4AEB56C_0000000862.tif,w271_M_1_form13.tif,,,,
BRN3C2AF4AEB56C_0000000863.tif,w272_F_1_form35.tif,,,,
BRN3C2AF4AEB56C_0000000864.tif,w273_F_1_form25.tif,,,,
BRN3C2AF4AEB56C_0000000865.tif,w274_F_1_form32.tif,,,,
BRN3C2AF4AEB56C_0000000866.tif,w275_M_1_form29.tif,,,,
BRN3C2AF4AEB56C_0000000868.tif,w276_F_1_form37.tif,,,,
BRN3C2AF4AEB56C_0000000870.tif,w277_M_2_form32.tif,,,,
BRN3C2AF4AEB56C_0000000871.tif,w278_M_2_form24.tif,,,,
BRN3C2AF4AEB56C_0000000872.tif,w279_M_2_form25.tif,,,,
BRN3C2AF4AEB56C_0000000873.tif,w280_F_1_form28.tif,,,,
BRN3C2AF4AEB56C_0000000874.tif,w281_M_1_form22.tif,,,,
BRN3C2AF4AEB56C_0000000875.tif,w282_F_1_form20.tif,,,,
BRN3C2AF4AEB56C_0000000876.tif,w283_F_1_form19.tif,,,,
BRN3C2AF4AEB56C_0000000877.tif,w284_F_2_form24.tif,,,,
BRN3C2AF4AEB56C_0000000878.tif,w285_F_1_form22.tif,,,,
BRN3C2AF4AEB56C_0000000879.tif,w286_F_2_form38.tif,,,,
BRN3C2AF4AEB56C_0000000881.tif,w287_F_1_form16.tif,,,,
BRN3C2AF4AEB56C_0000000882.tif,w288_F_1_form17.tif,,,,
BRN3C2AF4AEB56C_0000000883.tif,w289_F_1_form15.tif,,,,
BRN3C2AF4AEB56C_0000000884.tif,w290_M_1_form18.tif,,,,
BRN3C2AF4AEB56C_0000000885.tif,w291_F_1_form21.tif,,,,
BRN3C2AF4AEB56C_0000000886.tif,w292_F_1_form18.tif,,,,
BRN3C2AF4AEB56C_0000000887.tif,w293_M_1_form21.tif,,,,
BRN3C2AF4AEB56C_0000000889.tif,w294_F_2_form31.tif,,,,
BRN3C2AF4AEB56C_0000000890.tif,w295_M_1_form23.tif,,,,
BRN3C2AF4AEB56C_0000000893.tif,w296_F_1_form23.tif,,,,
BRN3C2AF4AEB56C_0000000894.tif,w297_M_2_form13.tif,,,,
BRN3C2AF4AEB56C_0000000895.tif,w298_F_2_form20.tif,,,,
BRN3C2AF4AEB56C_0000000896.tif,w299_M_2_form18.tif,,,,
BRN3C2AF4AEB56C_0000000897.tif,w300_F_1_form38.tif,,,,
BRN3C2AF4AEB56C_0000000898.tif,w301_F_1_form37.tif,,,,
BRN3C2AF4AEB56C_0000000900.tif,w302_M_1_form15.tif,,,,
BRN3C2AF4AEB56C_0000000901.tif,w303_M_1_form33.tif,,,,
BRN3C2AF4AEB56C_0000000902.tif,w304_M_1_form32.tif,,,,
BRN3C2AF4AEB56C_0000000903.tif,w305_F_1_form31.tif,,,,
BRN3C2AF4AEB56C_0000000904.tif,w306_F_1_form29.tif,,,,
BRN3C2AF4AEB56C_0000000905.tif,w307_F_1_form28.tif,,,,
BRN3C2AF4AEB56C_0000000906.tif,w308_M_1_form27.tif,,,,
BRN3C2AF4AEB56C_0000000907.tif,w309_F_1_form26.tif,,,,
BRN3C2AF4AEB56C_0000000908.tif,w310_F_1_form25.tif,,,,
BRN3C2AF4AEB56C_0000000909.tif,w311_M_1_form24.tif,,,,
BRN3C2AF4AEB56C_0000000910.tif,w312_M_1_form23.tif,,,,
BRN3C2AF4AEB56C_0000000911.tif,w313_F_1_form22.tif,,,,
BRN3C2AF4AEB56C_0000000912.tif,w314_F_1_form13.tif,,,,
BRN3C2AF4AEB56C_0000000913.tif,w315_M_1_form12.tif,,,,
BRN3C2AF4AEB56C_0000000914.tif,w316_M_1_form14.tif,,,,
BRN3C2AF4AEB56C_0000000915.tif,w317_F_1_form9.tif,,,,
BRN3C2AF4AEB56C_0000000916.tif,w318_M_1_form8.tif,,,,
BRN3C2AF4AEB56C_0000000917.tif,w319_M_1_form7.tif,,,,
BRN3C2AF4AEB56C_0000000918.tif,w320_F_1_form6.tif,,,,
BRN3C2AF4AEB56C_0000000919.tif,w321_F_1_form5.tif,,,,
BRN3C2AF4AEB56C_0000000920.tif,w322_F_1_form4.tif,,,,
BRN3C2AF4AEB56C_0000000921.tif,w323_F_1_form3.tif,,,,
BRN3C2AF4AEB56C_0000000922.tif,w324_F_1_form2.tif,,,,
BRN3C2AF4AEB56C_0000000923.tif,w325_F_1_form1.tif,,,,
BRN3C2AF4AEB56C_0000000924.tif,w326_F_2_form16.tif,,,,
BRN3C2AF4AEB56C_0000000925.tif,w327_NA_2_form36.tif,,,,
BRN3C2AF4AEB56C_0000000926.tif,w328_M_2_form35.tif,,,,
BRN3C2AF4AEB56C_0000000927.tif,w329_F_2_form32.tif,,,,
BRN3C2AF4AEB56C_0000000928.tif,w330_F_2_form37.tif,,,,
BRN3C2AF4AEB56C_0000000929.tif,w331_M_2_form8.tif,,,,
BRN3C2AF4AEB56C_0000000931.tif,w332_F_2_form33.tif,,,,
BRN3C2AF4AEB56C_0000000932.tif,w333_M_2_form38.tif,,,,
BRN3C2AF4AEB56C_0000000934.tif,w334_F_2_form30.tif,,,,
BRN3C2AF4AEB56C_0000000935.tif,w335_M_2_form12.tif,,,,
BRN3C2AF4AEB56C_0000000936.tif,w336_F_2_form31.tif,,,,
BRN3C2AF4AEB56C_0000000937.tif,w337_F_2_form15.tif,,,,
BRN3C2AF4AEB56C_0000000938.tif,w338_F_2_form14.tif,,,,
BRN3C2AF4AEB56C_0000000939.tif,w339_F_2_form6.tif,,,,
BRN3C2AF4AEB56C_0000000940.tif,w340_M_2_form9.tif,,,,
BRN3C2AF4AEB56C_0000000941.tif,w341_F_2_form19.tif,,,,
BRN3C2AF4AEB56C_0000000942.tif,w342_M_2_form17.tif,,,,
BRN3C2AF4AEB56C_0000000943.tif,w343_F_2_form11.tif,,,,
BRN3C2AF4AEB56C_0000000944.tif,w344_F_2_form10.tif,,,,
BRN3C2AF4AEB56C_0000000946.tif,w345_M_1_form33.tif,,,,
BRN3C2AF4AEB56C_0000000948.tif,w346_M_2_form1.tif,,,,
BRN3C2AF4AEB56C_0000000949.tif,w347_M_2_form2.tif,,,,
BRN3C2AF4AEB56C_0000000950.tif,w348_M_2_form18.tif,,,,
BRN3C2AF4AEB56C_0000000951.tif,w349_M_2_form17.tif,,,,
BRN3C2AF4AEB56C_0000000952.tif,w350_M_1_form21.tif,,,,
BRN3C2AF4AEB56C_0000000953.tif,w351_M_1_form20.tif,,,,
BRN3C2AF4AEB56C_0000000954.tif,w352_M_2_form31.tif,,,,
BRN3C2AF4AEB56C_0000000955.tif,w353_M_2_form27.tif,,,,
BRN3C2AF4AEB56C_0000000956.tif,w354_M_2_form26.tif,,,,
BRN3C2AF4AEB56C_0000000959.tif,w355_M_1_form46.tif,,,,
BRN3C2AF4AEB56C_0000000960.tif,w356_M_2_form49.tif,,,,
BRN3C2AF4AEB56C_0000000961.tif,w357_F_1_form44.tif,,,,
BRN3C2AF4AEB56C_0000000963.tif,w358_M_2_form16.tif,,,,
BRN3C2AF4AEB56C_0000000964.tif,w359_M_1_form48.tif,,,,
BRN3C2AF4AEB56C_0000000965.tif,w360_M_2_form50.tif,,,,
BRN3C2AF4AEB56C_0000000966.tif,w361_F_1_form28.tif,,,,
BRN3C2AF4AEB56C_0000000967.tif,w362_F_2_form29.tif,,,,
BRN3C2AF4AEB56C_0000000968.tif,w363_F_1_form24.tif,,,,
BRN3C2AF4AEB56C_0000000969.tif,w364_F_2_form23.tif,,,,
BRN3C2AF4AEB56C_0000000971.tif,w365_F_1_form22.tif,,,,
BRN3C2AF4AEB56C_0000000973.tif,w366_M_1_form30.tif,,,,
BRN3C2AF4AEB56C_0000000974.tif,w367_M_2_form40.tif,,,,
BRN3C2AF4AEB56C_0000000975.tif,w368_F_1_form41.tif,,,,
BRN3C2AF4AEB56C_0000000976.tif,w369_F_1_form42.tif,,,,
BRN3C2AF4AEB56C_0000000978.tif,w370_F_1_form16.tif,,,,
BRN3C2AF4AEB56C_0000000979.tif,w371_F_1_form31.tif,,,,
BRN3C2AF4AEB56C_0000000981.tif,w372_F_1_form27.tif,,,,
BRN3C2AF4AEB56C_0000000982.tif,w373_F_1_form25.tif,,,,
BRN3C2AF4AEB56C_0000000983.tif,w374_M_1_form36.tif,,,,
BRN3C2AF4AEB56C_0000000986.tif,w375_F_1_form39.tif,,,,
BRN3C2AF4AEB56C_0000000987.tif,w376_M_NA_form22.tif,,,,
BRN3C2AF4AEB56C_0000000989.tif,w377_F_1_form38.tif,,,,
BRN3C2AF4AEB56C_0000000990.tif,w378_M_1_form40.tif,,,,
BRN3C2AF4AEB56C_0000000991.tif,w379_M_1_form1.tif,,,,
BRN3C2AF4AEB56C_0000000992.tif,w380_M_1_form47.tif,,,,
BRN3C2AF4AEB56C_0000000993.tif,w381_F_1_form39.tif,,,,
BRN3C2AF4AEB56C_0000000994.tif,w382_F_1_form13.tif,,,,
BRN3C2AF4AEB56C_0000000995.tif,w383_M_1_form42.tif,,,,
BRN3C2AF4AEB56C_0000000997.tif,w384_M_1_form44.tif,,,,
BRN3C2AF4AEB56C_0000000998.tif,w385_F_1_form15.tif,,,,
BRN3C2AF4AEB56C_0000000999.tif,w386_M_1_form15.tif,,,,
BRN3C2AF4AEB56C_0000001000.tif,w387_M_1_form2.tif,,,,
BRN3C2AF4AEB56C_0000001001.tif,w388_F_1_form3.tif,,,,
BRN3C2AF4AEB56C_0000001003.tif,w389_M_1_form48.tif,,,,
BRN3C2AF4AEB56C_0000001005.tif,w390_M_1_form13.tif,,,,
BRN3C2AF4AEB56C_0000001007.tif,w391_M_1_form49.tif,,,,
BRN3C2AF4AEB56C_0000001009.tif,w392_F_1_form41.tif,,,,
BRN3C2AF4AEB56C_0000001010.tif,w393_F_1_form40.tif,,,,
BRN3C2AF4AEB56C_0000001013.tif,w394_F_1_form12.tif,,,,
BRN3C2AF4AEB56C_0000001014.tif,w395_M_1_form45.tif,,,,
BRN3C2AF4AEB56C_0000001015.tif,w396_M_1_form10.tif,,,,
BRN3C2AF4AEB56C_0000001017.tif,w397_M_1_form14.tif,,,,
BRN3C2AF4AEB56C_0000001021.tif,w398_F_1_form50.tif,,,,
BRN3C2AF4AEB56C_0000001024.tif,w399_M_1_form19.tif,,,,
BRN3C2AF4AEB56C_0000001025.tif,w400_NA_1_form28.tif,,,,
BRN3C2AF4AEB56C_0000001026.tif,w401_F_1_form35.tif,,,,
BRN3C2AF4AEB56C_0000001027.tif,w402_F_1_form34.tif,,,,
BRN3C2AF4AEB56C_0000001028.tif,w403_M_1_form29.tif,,,,
BRN3C2AF4AEB56C_0000001029.tif,w404_M_1_form30.tif,,,,
BRN3C2AF4AEB56C_0000001030.tif,w405_F_1_form26.tif,,,,
BRN3C2AF4AEB56C_0000001031.tif,w406_F_1_form24.tif,,,,
BRN3C2AF4AEB56C_0000001032.tif,w407_F_1_form14.tif,,,,
BRN3C2AF4AEB56C_0000001035.tif,w408_F_2_form31.tif,,,,
BRN3C2AF4AEB56C_0000001037.tif,w409_M_2_form37.tif,,,,
BRN3C2AF4AEB56C_0000001039.tif,w410_M_2_form36.tif,,,,
BRN3C2AF4AEB56C_0000001040.tif,w411_M_2_form35.tif,,,,
BRN3C2AF4AEB56C_0000001041.tif,w412_M_2_form34.tif,,,,
BRN3C2AF4AEB56C_0000001042.tif,w413_M_2_form33.tif,,,,
BRN3C2AF4AEB56C_0000001043.tif,w414_M_2_form4.tif,,,,
BRN3C2AF4AEB56C_0000001044.tif,w415_M_2_form3.tif,,,,
BRN3C2AF4AEB56C_0000001045.tif,w416_M_2_form2.tif,,,,
BRN3C2AF4AEB56C_0000001046.tif,w417_F_2_form25.tif,,,,
BRN3C2AF4AEB56C_0000001047.tif,w418_F_2_form30.tif,,,,
BRN3C2AF4AEB56C_0000001048.tif,w419_F_2_form5.tif,,,,
BRN3C2AF4AEB56C_0000001049.tif,w420_F_2_form23.tif,,,,
BRN3C2AF4AEB56C_0000001050.tif,w421_F_2_form39.tif,,,,
BRN3C2AF4AEB56C_0000001051.tif,w422_F_2_form24.tif,,,,
BRN3C2AF4AEB56C_0000001052.tif,w423_F_2_form26.tif,,,,
BRN3C2AF4AEB56C_0000001053.tif,w424_F_2_form27.tif,,,,
BRN3C2AF4AEB56C_0000001055.tif,w425_M_2_form25.tif,,,,
BRN3C2AF4AEB56C_0000001056.tif,w426_F_2_form29.tif,,,,
BRN3C2AF4AEB56C_0000001057.tif,w427_F_2_form32.tif,,,,
BRN3C2AF4AEB56C_0000001058.tif,w428_M_2_form50.tif,,,,
BRN3C2AF4AEB56C_0000001059.tif,w429_M_2_form41.tif,,,,
BRN3C2AF4AEB56C_0000001060.tif,w430_M_2_form49.tif,,,,
BRN3C2AF4AEB56C_0000001061.tif,w431_M_2_form29.tif,,,,
BRN3C2AF4AEB56C_0000001062.tif,w432_M_2_form26.tif,,,,
BRN3C2AF4AEB56C_0000001063.tif,w433_M_2_form48.tif,,,,
BRN3C2AF4AEB56C_0000001065.tif,w434_F_2_form43.tif,,,,
BRN3C2AF4AEB56C_0000001066.tif,w435_F_2_form44.tif,,,,
BRN3C2AF4AEB56C_0000001067.tif,w436_M_2_form27.tif,,,,
BRN3C2AF4AEB56C_0000001068.tif,w437_M_2_form28.tif,,,,
BRN3C2AF4AEB56C_0000001069.tif,w438_F_2_form5.tif,,,,
BRN3C2AF4AEB56C_0000001070.tif,w439_F_2_form47.tif,,,,
BRN3C2AF4AEB56C_0000001071.tif,w440_F_2_form46.tif,,,,
BRN3C2AF4AEB56C_0000001072.tif,w441_F_2_form45.tif,,,,
BRN3C2AF4AEB56C_0000001073.tif,w442_M_2_form3.tif,,,,
BRN3C2AF4AEB56C_0000001074.tif,w443_M_2_form2.tif,,,,
BRN3C2AF4AEB56C_0000001076.tif,w444_M_2_form39.tif,,,,
BRN3C2AF4AEB56C_0000001078.tif,w445_F_1_form35.tif,,,,
BRN3C2AF4AEB56C_0000001079.tif,w446_M_2_form38.tif,,,,
BRN3C2AF4AEB56C_0000001080.tif,w447_F_2_form34.tif,,,,
BRN3C2AF4AEB56C_0000001081.tif,w448_M_2_form25.tif,,,,
BRN3C2AF4AEB56C_0000001082.tif,w449_M_1_form26.tif,,,,
BRN3C2AF4AEB56C_0000001083.tif,w450_F_2_form33.tif,,,,
BRN3C2AF4AEB56C_0000001084.tif,w451_M_1_form37.tif,,,,
BRN3C2AF4AEB56C_0000001086.tif,w452_M_2_form28.tif,,,,
BRN3C2AF4AEB56C_0000001089.tif,w453_M_1_form22.tif,,,,
BRN3C2AF4AEB56C_0000001090.tif,w454_F_1_form27.tif,,,,
BRN3C2AF4AEB56C_0000001092.tif,w455_F_1_form32.tif,,,,
BRN3C2AF4AEB56C_0000001093.tif,w456_M_1_form30.tif,,,,
BRN3C2AF4AEB56C_0000001094.tif,w457_M_1_form23.tif,,,,
BRN3C2AF4AEB56C_0000001095.tif,w458_F_1_form31.tif,,,,
BRN3C2AF4AEB56C_0000001096.tif,w459_M_1_form26.tif,,,,
BRN3C2AF4AEB56C_0000001097.tif,w460_F_1_form9.tif,,,,
BRN3C2AF4AEB56C_0000001098.tif,w461_F_1_form45.tif,,,,
BRN3C2AF4AEB56C_0000001100.tif,w462_M_1_form39.tif,,,,
BRN3C2AF4AEB56C_0000001101.tif,w463_M_2_form8.tif,,,,
BRN3C2AF4AEB56C_0000001102.tif,w464_M_2_form18.tif,,,,
BRN3C2AF4AEB56C_0000001103.tif,w465_M_1_form10.tif,,,,
BRN3C2AF4AEB56C_0000001104.tif,w466_M_2_form17.tif,,,,
BRN3C2AF4AEB56C_0000001106.tif,w467_F_2_form43.tif,,,,
BRN3C2AF4AEB56C_0000001108.tif,w468_M_2_form18.tif,,,,
BRN3C2AF4AEB56C_0000001110.tif,w469_M_2_form13.tif,,,,
BRN3C2AF4AEB56C_0000001111.tif,w470_M_2_form21.tif,,,,
BRN3C2AF4AEB56C_0000001112.tif,w471_F_2_form45.tif,,,,
BRN3C2AF4AEB56C_0000001114.tif,w472_F_2_form46.tif,,,,
BRN3C2AF4AEB56C_0000001115.tif,w473_F_2_form24.tif,,,,
BRN3C2AF4AEB56C_0000001116.tif,w474_F_2_form50.tif,,,,
BRN3C2AF4AEB56C_0000001117.tif,w475_F_2_form20.tif,,,,
BRN3C2AF4AEB56C_0000001118.tif,w476_F_2_form42.tif,,,,
BRN3C2AF4AEB56C_0000001120.tif,w477_F_2_form48.tif,,,,
BRN3C2AF4AEB56C_0000001121.tif,w478_F_2_form1.tif,,,,
BRN3C2AF4AEB56C_0000001122.tif,w479_F_2_form23.tif,,,,
BRN3C2AF4AEB56C_0000001123.tif,w480_M_2_form22.tif,,,,
BRN3C2AF4AEB56C_0000001124.tif,w481_M_2_form41.tif,,,,
BRN3C2AF4AEB56C_0000001126.tif,w482_F_2_form44.tif,,,,
BRN3C2AF4AEB56C_0000001127.tif,w483_F_2_form43.tif,,,,
BRN3C2AF4AEB56C_0000001128.tif,w484_F_2_form49.tif,,,,
BRN3C2AF4AEB56C_0000001129.tif,w485_M_2_form14.tif,,,,
BRN3C2AF4AEB56C_0000001130.tif,w486_M_2_form15.tif,,,,
BRN3C2AF4AEB56C_0000001132.tif,w487_M_2_form40.tif,,,,
BRN3C2AF4AEB56C_0000001133.tif,w488_F_1_form34.tif,,,,
BRN3C2AF4AEB56C_0000001134.tif,w489_F_1_form35.tif,,,,
BRN3C2AF4AEB56C_0000001135.tif,w490_M_1_form19.tif,,,,
BRN3C2AF4AEB56C_0000001138.tif,w491_F_1_form33.tif,,,,
BRN3C2AF4AEB56C_0000001139.tif,w492_M_2_form16.tif,,,,
BRN3C2AF4AEB56C_0000001140.tif,w493_M_1_form15.tif,,,,
BRN3C2AF4AEB56C_0000001141.tif,w494_F_1_form29.tif,,,,
BRN3C2AF4AEB56C_0000001142.tif,w495_M_1_form27.tif,,,,
BRN3C2AF4AEB56C_0000001144.tif,w496_F_1_form37.tif,,,,
BRN3C2AF4AEB56C_0000001145.tif,w497_F_1_form36.tif,,,,
BRN3C2AF4AEB56C_0000001146.tif,w498_F_1_form44.tif,,,,
BRN3C2AF4AEB56C_0000001147.tif,w499_F_1_form12.tif,,,,
BRN3C2AF4AEB56C_0000001148.tif,w500_F_2_form42.tif,,,,
BRN3C2AF4AEB56C_0000001149.tif,w501_F_1_form38.tif,,,,
BRN3C2AF4AEB56C_0000001151.tif,w502_F_1_form16.tif,,,,
BRN3C2AF4AEB56C_0000001154.tif,w503_F_1_form48.tif,,,,
BRN3C2AF4AEB56C_0000001155.tif,w504_M_1_form45.tif,,,,
BRN3C2AF4AEB56C_0000001156.tif,w505_F_1_form9.tif,,,,
BRN3C2AF4AEB56C_0000001158.tif,w506_F_1_form7.tif,,,,
BRN3C2AF4AEB56C_0000001159.tif,w507_F_1_form5.tif,,,,
BRN3C2AF4AEB56C_0000001160.tif,w508_F_1_form17.tif,,,,
BRN3C2AF4AEB56C_0000001161.tif,w509_F_1_form20.tif,,,,
BRN3C2AF4AEB56C_0000001163.tif,w510_F_1_form44.tif,,,,
BRN3C2AF4AEB56C_0000001164.tif,w511_F_1_form43.tif,,,,
BRN3C2AF4AEB56C_0000001165.tif,w512_M_1_form40.tif,,,,
BRN3C2AF4AEB56C_0000001166.tif,w513_M_1_form18.tif,,,,
BRN3C2AF4AEB56C_0000001168.tif,w514_M_1_form46.tif,,,,
BRN3C2AF4AEB56C_0000001169.tif,w515_M_1_form2.tif,,,,
BRN3C2AF4AEB56C_0000001170.tif,w516_M_1_form19.tif,,,,
BRN3C2AF4AEB56C_0000001172.tif,w517_M_1_form1.tif,,,,
BRN3C2AF4AEB56C_0000001173.tif,w518_F_1_form3.tif,,,,
BRN3C2AF4AEB56C_0000001174.tif,w519_F_1_form4.tif,,,,
BRN3C2AF4AEB56C_0000001175.tif,w520_M_1_form11.tif,,,,
BRN3C2AF4AEB56C_0000001176.tif,w521_M_1_form39.tif,,,,
BRN3C2AF4AEB56C_0000001178.tif,w522_F_1_form50.tif,,,,
BRN3C2AF4AEB56C_0000001227.tif,w523_F_2_form17.tif,,,,
BRN3C2AF4AEB56C_0000001233.tif,w524_F_2_form37.tif,,,,
BRN3C2AF4AEB56C_0000001234.tif,w524_F_2_form40.tif,,,,
BRN3C2AF4AEB56C_0000001235.tif,w524_F_2_form39.tif,,,,
BRN3C2AF4AEB56C_0000001236.tif,w524_F_2_form38.tif,,,,
BRN3C2AF4AEB56C_0000001237.tif,w524_F_2_form15.tif,,,,
BRN3C2AF4AEB56C_0000001238.tif,w523_F_2_form33.tif,,,,
BRN3C2AF4AEB56C_0000001240.tif,w524_F_2_form20.tif,,,,
BRN3C2AF4AEB56C_0000001241.tif,w525_M_2_form11.tif,,,,
BRN3C2AF4AEB56C_0000001242.tif,w526_F_2_form32.tif,,,,
BRN3C2AF4AEB56C_0000001243.tif,w526_F_2_form19.tif,,,,
BRN3C2AF4AEB56C_0000001244.tif,w526_F_2_form16.tif,,,,
BRN3C2AF4AEB56C_0000001245.tif,w526_F_2_form14.tif,,,,
BRN3C2AF4AEB56C_0000001246.tif,w526_F_2_form21.tif,,,,
BRN3C2AF4AEB56C_0000001247.tif,w527_F_2_form7.tif,,,,
BRN3C2AF4AEB56C_0000001248.tif,w527_F_2_form8.tif,,,,
BRN3C2AF4AEB56C_0000001249.tif,w527_F_2_form9.tif,,,,
BRN3C2AF4AEB56C_0000001250.tif,w527_F_2_form25.tif,,,,
BRN3C2AF4AEB56C_0000001251.tif,w527_F_2_form26.tif,,,,
BRN3C2AF4AEB56C_0000001252.tif,w527_F_2_form27.tif,,,,
BRN3C2AF4AEB56C_0000001253.tif,w528_M_2_form28.tif,,,,
BRN3C2AF4AEB56C_0000001254.tif,w528_M_2_form29.tif,,,,
BRN3C2AF4AEB56C_0000001255.tif,w528_M_2_form30.tif,,,,
BRN3C2AF4AEB56C_0000001256.tif,w528_M_2_form31.tif,,,,
BRN3C2AF4AEB56C_0000001257.tif,w524_F_2_form18.tif,,,,
BRN3C2AF4AEB56C_0000001258.tif,w524_F_2_form13.tif,,,,
BRN3C2AF4AEB56C_0000001259.tif,w524_F_2_form10.tif,,,,
BRN3C2AF4AEB56C_0000001260.tif,w529_F_2_form24.tif,,,,
BRN3C2AF4AEB56C_0000001261.tif,w524_F_2_form23.tif,,,,
BRN3C2AF4AEB56C_0000001262.tif,w529_F_2_form5.tif,,,,
BRN3C2AF4AEB56C_0000001263.tif,w524_F_2_form22.tif,,,,
BRN3C2AF4AEB56C_0000001264.tif,w524_F_2_form12.tif,,,,
BRN3C2AF4AEB56C_0000001265.tif,w529_F_2_form4.tif,,,,
BRN3C2AF4AEB56C_0000001266.tif,w529_F_2_form3.tif,,,,
BRN3C2AF4AEB56C_0000001267.tif,w529_F_2_form2.tif,,,,
BRN3C2AF4AEB56C_0000001268.tif,w529_F_2_form1.tif,,,,
BRN3C2AF4AEB56C_0000001269.tif,w523_F_2_form36.tif,,,,
BRN3C2AF4AEB56C_0000001270.tif,w523_F_2_form35.tif,,,,
BRN3C2AF4AEB56C_0000001271.tif,w523_F_2_form34.tif,,,,
CCF_000002.tif,w530_M_3_form46.tif,,,,
CCF_000003.tif,w530_M_3_form47.tif,,,,
CCF_000004.tif,w530_M_3_form45.tif,,,,
CCF_000005.tif,w531_F_2_form11.tif,,,,
CCF_000006.tif,w531_F_2_form36.tif,,,,
CCF_000007.tif,w531_F_2_form35.tif,,,,
CCF_000008.tif,w532_F_1_form7.tif,,,,
CCF_000009.tif,w532_F_1_form5.tif,,,,
CCF_000010.tif,w532_F_1_form6.tif,,,,
CCF_000011.tif,w530_M_3_form4.tif,,,,
CCF_000012.tif,w530_M_3_form3.tif,,,,
CCF_000013.tif,w530_M_3_form1.tif,,,,
CCF_000014.tif,w533_M_3_form39.tif,,,,
CCF_000015.tif,w533_M_3_form38.tif,,,,
CCF_000016.tif,w533_M_3_form37.tif,,,,
CCF_000017.tif,w533_M_3_form34.tif,,,,
CCF_000018.tif,w534_M_3_form10.tif,,,,
CCF_000019.tif,w534_M_3_form9.tif,,,,
CCF_000020.tif,w534_M_3_form8.tif,,,,
CCF_000021.tif,w535_M_1_form44.tif,,,,
CCF_000022.tif,w535_M_1_form43.tif,,,,
CCF_000023.tif,w535_M_1_form42.tif,,,,
CCF_000024.tif,w535_M_1_form50.tif,,,,
CCF_000025.tif,w535_M_1_form49.tif,,,,
CCF_000026.tif,w535_M_1_form48.tif,,,,
CCF_000027.tif,w536_M_3_form21.tif,,,,
CCF_000028.tif,w537_M_2_form35.tif,,,,
CCF_000029.tif,w538_M_2_form22.tif,,,,
CCF_000030.tif,w539_M_2_form34.tif,,,,
CCF_000031.tif,w540_M_2_form25.tif,,,,
CCF_000032.tif,w540_M_2_form29.tif,,,,
CCF_000033.tif,w541_M_3_form27.tif,,,,
CCF_000034.tif,w541_M_3_form28.tif,,,,
CCF_000035.tif,w542_M_2_form32.tif,,,,
CCF_000036.tif,w539_M_2_form31.tif,,,,
CCF_000037.tif,w543_F_3_form1.tif,,,,
CCF_000038.tif,w544_M_2_form33.tif,,,,
CCF_000039.tif,w545_F_2_form2.tif,,,,
CCF_000040.tif,w546_F_2_form3.tif,,,,
CCF_000041.tif,w547_M_2_form30.tif,,,,
CCF_000042.tif,w548_M_2_form4.tif,,,,
CCF_000043.tif,w549_F_1_form14.tif,,,,
CCF_000044.tif,w550_M_1_form17.tif,,,,
CCF_000045.tif,w551_F_1_form16.tif,,,,
CCF_000046.tif,w552_M_1_form9.tif,,,,
CCF_000047.tif,w553_F_1_form8.tif,,,,
CCF_000048.tif,w554_M_2_form5.tif,,,,
CCF_000049.tif,w555_F_NA_form6.tif,,,,
CCF_000050.tif,w556_F_4_form7.tif,,,,
CCF_000051.tif,w557_M_2_form11.tif,,,,
CCF_000053.tif,w558_M_2_form19.tif,,,,
CCF_000054.tif,w559_M_2_form13.tif,,,,
CCF_000055.tif,w560_M_2_form10.tif,,,,
CCF_000056.tif,w561_M_2_form12.tif,,,,
CCF_000057.tif,w562_M_4_form20.tif,,,,
CCF_000058.tif,w563_M_2_form24.tif,,,,
CCF_000059.tif,w564_M_3_form23.tif,,,,
CCF_000060.tif,w565_M_1_form40.tif,,,,
CCF_000061.tif,w565_M_1_form2.tif,,,,
CCF_000062.tif,w565_M_1_form41.tif,,,,
CCF_000063.tif,w566_F_3_form31.tif,,,,
CCI_000001.tif,w567_M_2_form50.tif,,,,
CCI_000002.tif,w567_M_2_form11.tif,,,,
CCI_000003.tif,w567_M_2_form12.tif,,,,
CCI_000004.tif,w567_M_2_form49.tif,,,,
CCI_000005.tif,w567_M_2_form1.tif,,,,
CCI_000006.tif,w567_M_2_form5.tif,,,,
CCI_000007.tif,w567_M_2_form48.tif,,,,
CCI_000008.tif,w567_M_2_form47.tif,,,,
CCI_000009.tif,w567_M_2_form46.tif,,,,
CCI_000010.tif,w567_M_2_form45.tif,,,,
CCI_000011.tif,w568_F_2_form4.tif,,,,
CCI_000012.tif,w568_F_2_form3.tif,,,,
CCI_000013.tif,w569_M_2_form21.tif,,,,
CCI_000014.tif,w569_M_2_form22.tif,,,,
CCI_000015.tif,w569_M_2_form23.tif,,,,
CCI_000016.tif,w569_M_2_form24.tif,,,,
CCI_000017.tif,w569_M_2_form25.tif,,,,
CCI_000018.tif,w569_M_2_form26.tif,,,,
CCI_000019.tif,w569_M_2_form27.tif,,,,
CCI_000020.tif,w569_M_2_form28.tif,,,,
CCI_000021.tif,w569_M_2_form29.tif,,,,
CCI_000022.tif,w569_M_2_form30.tif,,,,
CCI_000023.tif,w570_M_2_form41.tif,,,,
CCI_000024.tif,w570_M_2_form42.tif,,,,
CCI_000025.tif,w570_M_2_form43.tif,,,,
CCI_000026.tif,w570_M_2_form44.tif,,,,
CCI_000027.tif,w570_M_2_form45.tif,,,,
CCI_000028.tif,w570_M_2_form46.tif,,,,
CCI_000029.tif,w570_M_2_form47.tif,,,,
CCI_000030.tif,w570_M_2_form48.tif,,,,
CCI_000031.tif,w570_M_2_form49.tif,,,,
CCI_000032.tif,w570_M_2_form50.tif,,,,
CCI_000033.tif,w571_M_3_form21.tif,,,,
CCI_000034.tif,w571_M_3_form22.tif,,,,
CCI_000035.tif,w571_M_3_form23.tif,,,,
CCI_000036.tif,w571_M_3_form24.tif,,,,
CCI_000037.tif,w571_M_3_form25.tif,,,,
CCI_000038.tif,w571_M_3_form26.tif,,,,
CCI_000039.tif,w571_M_3_form27.tif,,,,
CCI_000040.tif,w571_M_3_form28.tif,,,,
CCI_000041.tif,w571_M_3_form29.tif,,,,
CCI_000042.tif,w571_M_3_form30.tif,,,,
CCI_000043.tif,w572_M_1_form31.tif,,,,
CCI_000044.tif,w572_M_1_form32.tif,,,,
CCI_000045.tif,w572_M_1_form33.tif,,,,
CCI_000046.tif,w572_M_1_form34.tif,,,,
CCI_000047.tif,w572_M_1_form35.tif,,,,
CCI_000048.tif,w572_M_1_form36.tif,,,,
CCI_000049.tif,w572_M_1_form37.tif,,,,
CCI_000050.tif,w572_M_1_form38.tif,,,,
CCI_000051.tif,w572_M_1_form39.tif,,,,
CCI_000052.tif,w572_M_1_form40.tif,,,,
CCI_000053.tif,w573_F_3_form1.tif,,,,
CCI_000054.tif,w573_F_3_form2.tif,,,,
CCI_000055.tif,w573_F_3_form3.tif,,,,
CCI_000056.tif,w573_F_3_form4.tif,,,,
CCI_000057.tif,w573_F_3_form5.tif,,,,
CCI_000058.tif,w573_F_3_form6.tif,,,,
CCI_000059.tif,w573_F_3_form7.tif,,,,
CCI_000060.tif,w573_F_3_form8.tif,,,,
CCI_000061.tif,w573_F_3_form9.tif,,,,
CCI_000062.tif,w573_F_3_form10.tif,,,,
CCI_000063.tif,w574_M_3_form31.tif,,,,
CCI_000064.tif,w574_M_3_form32.tif,,,,
CCI_000065.tif,w574_M_3_form33.tif,,,,
CCI_000066.tif,w574_M_3_form34.tif,,,,
CCI_000067.tif,w574_M_3_form35.tif,,,,
CCI_000068.tif,w574_M_3_form36.tif,,,,
CCI_000069.tif,w574_M_3_form37.tif,,,,
CCI_000070.tif,w574_M_3_form38.tif,,,,
CCI_000071.tif,w574_M_3_form39.tif,,,,
CCI_000072.tif,w574_M_3_form40.tif,,,,
CCI_000073.tif,w575_M_3_form2.tif,,,,
